{"cameraMode":{"drawMode":0,"name":"Shaded","section":"Shading Mode"},"sceneLighting":false,"audioPlay":false,"sceneViewState":{"showFog":true,"showMaterialUpdate":false,"showSkybox":false,"showFlares":true,"showImageEffects":true,"showParticleSystems":true,"showVisualEffectGraphs":true,"m_FxEnabled":true},"in2DMode":false,"pivot":{"x":-0.2758381962776184,"y":0.39894095063209536,"z":1.5716359615325928},"rotation":{"x":-0.019722191616892816,"y":0.09344515949487686,"z":-0.001862290664575994,"w":-0.9954360723495483},"size":1.2829005718231202,"orthographic":false}